{"cameraMode":{"drawMode":0,"name":"Shaded","section":"Shading Mode"},"sceneLighting":false,"audioPlay":false,"sceneViewState":{"m_AlwaysRefresh":false,"showFog":true,"showSkybox":false,"showFlares":true,"showImageEffects":true,"showParticleSystems":true,"showVisualEffectGraphs":true,"m_FxEnabled":true},"in2DMode":false,"pivot":{"x":566.0050048828125,"y":-101.19021606445313,"z":-228.40908813476563},"rotation":{"x":0.04780477657914162,"y":0.9212900400161743,"z":-0.36679893732070925,"w":0.12008574604988098},"size":0.8660253882408142,"orthographic":false}